{"cameraMode":{"drawMode":0,"name":"Shaded","section":"Shading Mode"},"sceneLighting":false,"audioPlay":false,"sceneViewState":{"m_AlwaysRefresh":true,"showFog":true,"showSkybox":true,"showFlares":true,"showImageEffects":true,"showParticleSystems":true,"showVisualEffectGraphs":true,"m_FxEnabled":true},"in2DMode":false,"pivot":{"x":-6.129256248474121,"y":1.0275224447250367,"z":-4.856910705566406},"rotation":{"x":-0.38552024960517886,"y":0.002413020236417651,"z":-0.0011437012581154705,"w":-0.9228463768959045},"size":1.0352470874786378,"orthographic":false}