{"cameraMode":{"drawMode":0,"name":"Shaded","section":"Shading Mode"},"sceneLighting":false,"audioPlay":false,"sceneViewState":{"m_AlwaysRefresh":true,"showFog":true,"showSkybox":true,"showFlares":true,"showImageEffects":true,"showParticleSystems":true,"showVisualEffectGraphs":true,"m_FxEnabled":true},"in2DMode":false,"pivot":{"x":0.25742948055267336,"y":1.164941668510437,"z":-4.314011573791504},"rotation":{"x":0.01128991786390543,"y":-0.9886508584022522,"z":-0.10599745064973831,"w":-0.10717576742172241},"size":0.9460648894309998,"orthographic":false}