{"cameraMode":{"drawMode":0,"name":"Shaded","section":"Shading Mode"},"sceneLighting":true,"audioPlay":false,"sceneViewState":{"m_AlwaysRefresh":true,"showFog":true,"showSkybox":true,"showFlares":true,"showImageEffects":true,"showParticleSystems":true,"showVisualEffectGraphs":true,"m_FxEnabled":true},"in2DMode":false,"pivot":{"x":1.2299023866653443,"y":1.3096692562103272,"z":-2.9661126136779787},"rotation":{"x":-0.32006964087486269,"y":-0.32666441798210146,"z":0.11856412142515183,"w":-0.8813990354537964},"size":4.152621746063232,"orthographic":false}