{"cameraMode":{"drawMode":0,"name":"Shaded","section":"Shading Mode"},"sceneLighting":true,"audioPlay":false,"sceneViewState":{"m_AlwaysRefresh":true,"showFog":true,"showSkybox":true,"showFlares":true,"showImageEffects":true,"showParticleSystems":true,"showVisualEffectGraphs":true,"m_FxEnabled":true},"in2DMode":false,"pivot":{"x":2.4200000762939455,"y":0.9599999785423279,"z":-4.8539299964904789},"rotation":{"x":-0.18532174825668336,"y":-0.09155174344778061,"z":0.017400387674570085,"w":-0.9783070683479309},"size":2.8004391193389894,"orthographic":false}