{"cameraMode":{"drawMode":0,"name":"Shaded","section":"Shading Mode"},"sceneLighting":true,"audioPlay":false,"sceneViewState":{"m_AlwaysRefresh":true,"showFog":true,"showSkybox":true,"showFlares":true,"showImageEffects":true,"showParticleSystems":true,"showVisualEffectGraphs":true,"m_FxEnabled":true},"in2DMode":false,"pivot":{"x":2.034602165222168,"y":0.5694841742515564,"z":-1.535286784172058},"rotation":{"x":-0.010048900730907917,"y":-0.18524843454360963,"z":0.0018547223880887032,"w":-0.9827157258987427},"size":0.9819809794425964,"orthographic":false}