{"cameraMode":{"drawMode":0,"name":"Shaded","section":"Shading Mode"},"sceneLighting":true,"audioPlay":false,"sceneViewState":{"m_AlwaysRefresh":true,"showFog":true,"showSkybox":true,"showFlares":true,"showImageEffects":true,"showParticleSystems":true,"showVisualEffectGraphs":true,"m_FxEnabled":true},"in2DMode":false,"pivot":{"x":1.6803231239318848,"y":0.09380395710468292,"z":-3.8583436012268068},"rotation":{"x":0.3036617636680603,"y":0.0337219275534153,"z":-0.010790972970426083,"w":0.9521735310554504},"size":3.8524727821350099,"orthographic":false}