{"cameraMode":{"drawMode":0,"name":"Shaded","section":"Shading Mode"},"sceneLighting":true,"audioPlay":false,"sceneViewState":{"m_AlwaysRefresh":true,"showFog":true,"showSkybox":true,"showFlares":true,"showImageEffects":true,"showParticleSystems":true,"showVisualEffectGraphs":true,"m_FxEnabled":true},"in2DMode":false,"pivot":{"x":-2.2445828914642336,"y":0.19399799406528474,"z":-1.497641921043396},"rotation":{"x":-0.4148024320602417,"y":-0.061715468764305118,"z":0.028066905215382577,"w":-0.907507598400116},"size":4.766140460968018,"orthographic":false}