{"cameraMode":{"drawMode":0,"name":"Shaded","section":"Shading Mode"},"sceneLighting":true,"audioPlay":false,"sceneViewState":{"m_AlwaysRefresh":true,"showFog":true,"showSkybox":true,"showFlares":true,"showImageEffects":true,"showParticleSystems":true,"showVisualEffectGraphs":true,"m_FxEnabled":true},"in2DMode":false,"pivot":{"x":0.15251250565052033,"y":-1.7744495868682862,"z":-2.645376205444336},"rotation":{"x":-0.0039467960596084599,"y":-0.7589650750160217,"z":0.6513171195983887,"w":-0.004472737666219473},"size":5.0337724685668949,"orthographic":false}