{"cameraMode":{"drawMode":0,"name":"Shaded","section":"Shading Mode"},"sceneLighting":true,"audioPlay":false,"sceneViewState":{"m_AlwaysRefresh":true,"showFog":true,"showSkybox":true,"showFlares":true,"showImageEffects":true,"showParticleSystems":true,"showVisualEffectGraphs":true,"m_FxEnabled":true},"in2DMode":false,"pivot":{"x":1.4710484743118287,"y":0.11380130052566529,"z":-5.404695510864258},"rotation":{"x":-0.4849355220794678,"y":0.036362942308187488,"z":-0.020320028066635133,"w":-0.8736798763275147},"size":9.535272598266602,"orthographic":false}