{"cameraMode":{"drawMode":0,"name":"Shaded","section":"Shading Mode"},"sceneLighting":true,"audioPlay":false,"sceneViewState":{"m_AlwaysRefresh":true,"showFog":true,"showSkybox":true,"showFlares":true,"showImageEffects":true,"showParticleSystems":true,"showVisualEffectGraphs":true,"m_FxEnabled":true},"in2DMode":false,"pivot":{"x":0.8036288619041443,"y":0.5335808992385864,"z":-1.955278754234314},"rotation":{"x":-0.19573843479156495,"y":0.33327561616897585,"z":-0.07094641029834748,"w":-0.9196340441703796},"size":2.267070770263672,"orthographic":false}