{"cameraMode":{"drawMode":0,"name":"Shaded","section":"Shading Mode"},"sceneLighting":true,"audioPlay":false,"sceneViewState":{"m_AlwaysRefresh":true,"showFog":true,"showSkybox":true,"showFlares":true,"showImageEffects":true,"showParticleSystems":true,"showVisualEffectGraphs":true,"m_FxEnabled":true},"in2DMode":false,"pivot":{"x":-4.618114471435547,"y":3.547036647796631,"z":0.9984941482543945},"rotation":{"x":-0.10594785213470459,"y":0.038435015827417377,"z":-0.004197516478598118,"w":-0.9937595129013062},"size":13.530963897705079,"orthographic":false}