{"cameraMode":{"drawMode":0,"name":"Shaded","section":"Shading Mode"},"sceneLighting":true,"audioPlay":false,"sceneViewState":{"m_AlwaysRefresh":true,"showFog":true,"showSkybox":true,"showFlares":true,"showImageEffects":true,"showParticleSystems":true,"showVisualEffectGraphs":true,"m_FxEnabled":true},"in2DMode":false,"pivot":{"x":0.1209883913397789,"y":1.0992398262023926,"z":-2.6727051734924318},"rotation":{"x":0.00868896022439003,"y":-0.0024062858428806068,"z":-0.00008562147559132427,"w":-0.9999993443489075},"size":2.5867092609405519,"orthographic":false}