{"cameraMode":{"drawMode":0,"name":"Shaded","section":"Shading Mode"},"sceneLighting":true,"audioPlay":false,"sceneViewState":{"m_AlwaysRefresh":true,"showFog":true,"showSkybox":true,"showFlares":true,"showImageEffects":true,"showParticleSystems":true,"showVisualEffectGraphs":true,"m_FxEnabled":true},"in2DMode":false,"pivot":{"x":4.364941120147705,"y":1.0702002048492432,"z":-4.638980865478516},"rotation":{"x":0.10094597935676575,"y":0.018603574484586717,"z":-0.0022393467370420696,"w":0.9949177503585815},"size":4.116145610809326,"orthographic":false}