{"cameraMode":{"drawMode":0,"name":"Shaded","section":"Shading Mode"},"sceneLighting":false,"audioPlay":false,"sceneViewState":{"m_AlwaysRefresh":true,"showFog":true,"showSkybox":true,"showFlares":true,"showImageEffects":true,"showParticleSystems":true,"showVisualEffectGraphs":true,"m_FxEnabled":true},"in2DMode":false,"pivot":{"x":-1.0591579675674439,"y":0.5221349000930786,"z":-5.0363264083862309},"rotation":{"x":0.04256011173129082,"y":0.7778170704841614,"z":0.05346769839525223,"w":-0.6250722408294678},"size":1.0193225145339966,"orthographic":false}